use MyCloset

--SELECTS

select * from usuarios;
select * from pe網s;
select * from looks;
select * from categorias;


--TABELA USURIOS

create table usuarios
(
id_usuario int PRIMARY KEY NOT NULL, 
id_pe網s int NOT NULL,
id_looks int NOT NULL,
id_categorias int NOT NULL, 
nome varchar (200) NOT NULL,
sexo char(1) NULL, 
estado_civil varchar (15) NOT NULL,
ocupacao varchar (200) NOT NULL,
salario numeric (15,2), 
hobbies varchar (200) NOT NULL, 
aplicativos varchar (200) NOT NULL, 
data_cadastro datetime NOT NULL, 
login_cadastro varchar(15)NOT NULL
); 

INSERT into usuarios
(id_usuario, id_pe網s, id_looks,id_categorias, nome, sexo, estado_civil, ocupacao, salario, hobbies, aplicativos, data_cadastro, login_cadastro)
values
(1,1,1,1,'Joana','F', 'solteira','Mestrado na 痙ea de Arquitetura','2500','Ler', 'Instagram','21/09/2023', 'personas');
INSERT into usuarios
(id_usuario, id_pe網s, id_looks,id_categorias, nome, sexo, estado_civil, ocupacao, salario, hobbies, aplicativos, data_cadastro, login_cadastro)
values
(2,2,2,2,'Laura','F', 'Noiva','M卜ica','12000','viajar', 'Twitter','21/09/2023', 'personas');
INSERT into usuarios
(id_usuario, id_pe網s, id_looks,id_categorias, nome, sexo, estado_civil, ocupacao, salario, hobbies, aplicativos, data_cadastro, login_cadastro)
values
(3,3,3,3,'Clara','F', 'casada','Empres痙ia','20000','correr', 'Pinterest','21/09/2023', 'personas');

select * from usuarios

--TABELA PE큐S: --camisetas, blusas, cal網s, saias, vestidos, casacos, jaquetas, shorts, macac添s, e acess躁ios como chap奉s, cintos만막olsas.

create table pe網s 
(
id_pe網s int PRIMARY KEY NOT NULL,
id_usuario varchar (200) not null,
id_looks int  NOT NULL,
id_categorias int NOT NULL, 
nome_pecas varchar (200) not null,
cor varchar (200) not null,
tamanho varchar (200) not null,
tecido varchar (200) not null,
data_cadastro datetime  NOT NULL,
login_cadastro varchar(15),
); 

--CONSTRAINT USURIOS X PE큐S

alter table usuarios add constraint fk_pe網s foreign key (id_pe網s) references pe網s (id_pe網s);


INSERT into pe網s
(id_pe網s, id_usuario, id_looks, id_categorias, nome_pecas, cor, tamanho, tecido, data_cadastro, login_cadastro)
values
(1,1,1,1, 'cal網', 'azul escuro', 'P', 'jeans','23/09/2023', 'pe網s'); 
INSERT into pe網s
(id_pe網s, id_usuario, id_looks, id_categorias, nome_pecas, cor, tamanho, tecido, data_cadastro, login_cadastro)
values
(2, 2,2,2, 'camiseta', 'bege', 'PP', 'algod伋','23/09/2023', 'pe網s'); 
INSERT into pe網s
(id_pe網s, id_usuario, id_looks, id_categorias, nome_pecas, cor, tamanho, tecido, data_cadastro, login_cadastro)
values
(3,3,3,3, 'terninho', 'preto', 'M', 'linho','23/09/2023', 'pe網s'); 
INSERT into pe網s
(id_pe網s, id_usuario, id_looks, id_categorias, nome_pecas, cor, tamanho, tecido, data_cadastro, login_cadastro)
values
(4,1,3,3, 'regata', 'rosa', 'M', 'algod伋','23/09/2023', 'pe網s'); 
INSERT into pe網s
(id_pe網s, id_usuario, id_looks, id_categorias, nome_pecas, cor, tamanho, tecido, data_cadastro, login_cadastro)
values
(5,2,2,3, 'jaqueta', 'laranja', 'M', 'couro','23/09/2023', 'pe網s'); 

select * from pe網s

--TABELA LOOKS: 1. casual, 2. formal, 3. esportivo, 4. elegante, 5. boho

create table looks 
(
id_looks int PRIMARY KEY NOT NULL,
id_usuario  int not null,
id_pe網s int NOT NULL,
id_categorias int NOT NULL, 
nome_looks varchar (200) not null,
data_cadastro datetime  NOT NULL,
login_cadastro varchar(15),
);

--CONSTRAINT USUARIOS X LOOKS

alter table usuarios add constraint fk_usuario_lk foreign key (id_looks)  references looks (id_looks);

INSERT into looks
(id_looks, id_usuario, id_pe網s,id_categorias, nome_looks, data_cadastro, login_cadastro)
values
(1, 1,1,1, 'casual','23/09/2023', 'looks')
INSERT into looks
(id_looks, id_usuario, id_pe網s,id_categorias, nome_looks, data_cadastro, login_cadastro)
values
(2,2,2,2, 'formal','23/09/2023', 'looks')
INSERT into looks
(id_looks, id_usuario, id_pe網s,id_categorias, nome_looks, data_cadastro, login_cadastro)
values
(3,3,3,3, 'esportivo','23/09/2023', 'looks');

select * from looks

--TABELAS CATEGORIAS : 1. novas, 2. usadas, 3. doa巫o, 4. favoritas

create table categorias  
(
id_categoria int PRIMARY KEY NOT NULL,
id_pe網s  int not null,
id_usuario  int not null,
id_looks int NOT NULL,
nome_categoria varchar (200) not null,
data_cadastro datetime  NOT NULL,
login_cadastro varchar(15),
);

--CONSTRAINT USUARIOSXCATEGORIAS

alter table usuarios add constraint fk_usuario_cat foreign key (id_categorias) references categorias (id_categoria);


select * from categorias

insert into categorias
(id_categoria,	id_pe網s , id_usuario, id_looks, nome_categoria, data_cadastro, login_cadastro)
values 
(1, 1, 1,1, 'novas', '23/09/2023', 'categorias');
insert into categorias
(id_categoria,	id_pe網s , id_usuario, id_looks, nome_categoria, data_cadastro, login_cadastro)
values 
(2, 2, 2,2, 'usadas', '23/09/2023', 'categorias');
insert into categorias
(id_categoria,	id_pe網s , id_usuario, id_looks, nome_categoria, data_cadastro, login_cadastro)
values 
(3, 3, 3,3, 'doa網o', '23/09/2023', 'categorias');
insert into categorias
(id_categoria,	id_pe網s , id_usuario, id_looks, nome_categoria, data_cadastro, login_cadastro)
values 
(4, 4, 4,4, 'favoritas', '23/09/2023', 'categorias');